Algorithm,AverageRank
FAEAE,1
GWO,2
HHO,3
PSO,4.33333333333333
WOA,4.66666666666667
AE,6
