Algorithm,AverageRank
FAEAE,1.66666666666667
PSO,3
GWO,3
HHO,3.33333333333333
AE,4.66666666666667
WOA,5.33333333333333
