Algorithm,AverageRank
FAEAE,1.93103448275862
AE,2.6551724137931
HHO,2.6551724137931
PSO,2.89655172413793
GWO,5.06896551724138
WOA,5.79310344827586
