Algorithm,AverageRank
FAEAE,1.66666666666667
AE,3.33333333333333
PSO,3.33333333333333
GWO,3.33333333333333
HHO,4
WOA,5.33333333333333
