algName,runFile,feasible,bestFit,score,meanZ,maxZ,minZ,stdZ,pathLen,detourRatio,turnPenalty,lowAltFrac,highAltFrac
AE,scene4_AE_run015.mat,0,1373.96274469154,1.69407336767666,17.078443209285,18,12,1.12090311629057,158.178966051666,1.24139276832354,0.0469380204053231,1,0
PSO,scene4_PSO_run022.mat,1,441.456149155464,0.95,17.2420935914417,22.5765864546546,9.49479148654991,4.24692382128614,194.852589408429,1.52920834810447,0.0308067700448286,1,0
GWO,scene4_GWO_run004.mat,1,346.193497260109,1.56068616666282,10.8277497826539,18,10.2141523529808,1.33883153552115,173.531627107867,1.36188086408886,0.0143294484424357,1,0
HHO,scene4_HHO_run021.mat,1,350.261826656421,1.55433325519599,12.7944150694225,18,10.9233082961168,1.05072717572545,171.711525507262,1.3475966579077,0.0150893903568832,1,0
WOA,scene4_WOA_run010.mat,1,355.567640692069,0.95,12.8940465442616,18,12,0.914494430098613,171.354256945235,1.34479280465008,0.0133259866434416,1,0
FAEAE,scene4_FAEAE_run027.mat,1,314.121627585473,1.38835291925107,9.16447561439499,18,8.07445589509186,1.75110974007193,144.56392461931,1.13454155797342,0.0230199753033949,1,0
