Method,AverageRank
AE+Init,1.89655172413793
AE+Init+AOS+Repair,2.82758620689655
AE+Init+AOS,3.06896551724138
Base-AE,3.3448275862069
FAE-AE,3.86206896551724
