Algorithm,AverageRank
FAEAE,1
GWO,2.33333333333333
HHO,3
PSO,3.66666666666667
WOA,5.33333333333333
AE,5.66666666666667
