Algorithm,AverageRank
FAEAE,1.33333333333333
AE+Init+AOS+Repair,1.66666666666667
AE+Init+AOS,3.33333333333333
Base-AE,4.33333333333333
AE+Init,4.33333333333333
